City_ID,City,Country,Date,Lat,Lng,Max Temp,Humidity,Cloudiness,Wind Speed
0,Mandla,IN,2021-10-12 09:48:22,22.6,80.3833,85.82,53,1,6.22
1,Hasaki,JP,2021-10-12 09:54:08,35.7333,140.8333,68.4,85,100,21.85
2,Punta Arenas,CL,2021-10-12 09:50:08,-53.15,-70.9167,44.71,70,0,10.36
3,Jawhar,SO,2021-10-12 09:54:08,2.7809,45.5005,89.4,45,95,19.39
4,Ushuaia,AR,2021-10-12 09:54:08,-54.8,-68.3,47.86,53,40,16.11
5,Leningradskiy,RU,2021-10-12 09:54:09,69.3833,178.4167,16.45,95,94,6.89
6,Murdochville,CA,2021-10-12 09:54:09,48.9583,-65.5006,45.48,94,47,3.06
7,Beihai,CN,2021-10-12 09:54:09,21.4833,109.1,74.93,71,69,28.99
8,Blagoyevo,RU,2021-10-12 09:54:10,63.3667,47.9167,45.77,73,98,8.97
9,Busselton,AU,2021-10-12 09:54:10,-33.65,115.3333,56.08,61,73,11.32
10,Albany,US,2021-10-12 09:53:55,42.6001,-73.9662,54.54,93,71,1.66
11,Vaini,TO,2021-10-12 09:54:11,-21.2,-175.2,68.16,83,20,6.91
12,Jalu,LY,2021-10-12 09:54:11,29.0331,21.5482,84.88,30,6,9.24
13,Bahar,IR,2021-10-12 09:54:11,34.9072,48.4414,69.96,21,0,0.0
14,Suntar,RU,2021-10-12 09:54:12,62.1444,117.6319,27.66,50,84,13.2
15,Sao Lourenco Do Sul,BR,2021-10-12 09:54:12,-31.3653,-51.9783,58.89,96,96,5.06
16,Santa Maria,BR,2021-10-12 09:54:12,-29.6842,-53.8069,58.3,100,40,0.0
17,Mahebourg,MU,2021-10-12 09:54:13,-20.4081,57.7,81.25,74,20,12.66
18,Bathsheba,BB,2021-10-12 09:54:13,13.2167,-59.5167,81.21,83,40,19.57
19,Fortuna,US,2021-10-12 09:54:13,40.5982,-124.1573,41.36,67,11,3.53
20,Iisalmi,FI,2021-10-12 09:54:14,63.5592,27.1907,44.62,93,100,6.31
21,Valleyview,CA,2021-10-12 09:54:14,55.0667,-117.2859,26.64,86,42,11.5
22,Zevio,IT,2021-10-12 09:54:15,45.3721,11.1293,62.62,71,0,3.44
23,Butaritari,KI,2021-10-12 09:54:15,3.0707,172.7902,81.3,71,73,10.04
24,Puri,IN,2021-10-12 09:54:15,19.8,85.85,93.72,70,76,3.85
25,Angoche,MZ,2021-10-12 09:54:16,-16.2325,39.9086,79.66,57,83,15.86
26,Tiksi,RU,2021-10-12 09:54:16,71.6872,128.8694,23.38,94,100,7.0
27,Caravelas,BR,2021-10-12 09:54:16,-17.7125,-39.2481,71.38,95,100,3.65
28,Kodiak,US,2021-10-12 09:54:17,57.79,-152.4072,42.21,81,69,10.85
29,Tabou,CI,2021-10-12 09:54:17,4.423,-7.3528,79.14,86,100,5.79
30,Bluff,NZ,2021-10-12 09:54:17,-46.6,168.3333,44.74,70,89,25.93
31,Vega De Alatorre,MX,2021-10-12 09:54:18,20.0333,-96.6333,79.61,88,15,6.08
32,Portland,US,2021-10-12 09:49:51,45.5234,-122.6762,43.47,91,1,4.61
33,Cabo San Lucas,MX,2021-10-12 09:50:06,22.8909,-109.9124,79.61,78,96,3.96
34,Rocha,UY,2021-10-12 09:49:26,-34.4833,-54.3333,59.97,98,100,7.05
35,Rikitea,PF,2021-10-12 09:54:18,-23.1203,-134.9692,73.89,76,91,12.82
36,Saint-Joseph,RE,2021-10-12 09:54:19,-21.3667,55.6167,75.58,85,71,2.8
37,Nicoya,CR,2021-10-12 09:54:19,10.1483,-85.452,73.76,94,58,2.15
38,Lebu,CL,2021-10-12 09:54:20,-37.6167,-73.65,49.01,93,12,5.37
39,Ancud,CL,2021-10-12 09:54:20,-41.8697,-73.8203,46.42,93,94,2.01
40,Ilhabela,BR,2021-10-12 09:54:20,-23.7781,-45.3581,68.4,92,99,10.0
41,San Patricio,US,2021-10-12 09:54:21,28.017,-97.5169,82.83,84,70,13.51
42,Victoria,HK,2021-10-12 09:50:26,22.2855,114.1577,80.26,68,100,3.0
43,Yellowknife,CA,2021-10-12 09:53:01,62.456,-114.3525,28.42,95,1,6.91
44,Carnarvon,AU,2021-10-12 09:54:22,-24.8667,113.6333,71.67,43,0,21.85
45,Nelson Bay,AU,2021-10-12 09:54:22,-32.7167,152.15,60.01,96,100,1.99
46,Peterhead,GB,2021-10-12 09:54:22,57.5058,-1.7981,50.11,66,7,10.96
47,Stillwater,US,2021-10-12 09:53:58,36.1156,-97.0584,60.94,82,51,9.6
48,Makakilo City,US,2021-10-12 09:54:23,21.3469,-158.0858,76.57,84,75,3.44
49,New Norfolk,AU,2021-10-12 09:54:23,-42.7826,147.0587,50.92,64,72,1.01
50,Torbay,CA,2021-10-12 09:54:23,47.6666,-52.7314,43.29,89,75,8.05
51,Jamestown,US,2021-10-12 09:50:51,42.097,-79.2353,62.1,89,75,5.01
52,Kolokani,ML,2021-10-12 09:54:24,13.5728,-8.0339,88.32,47,19,5.35
53,Arraial Do Cabo,BR,2021-10-12 09:54:24,-22.9661,-42.0278,66.06,88,75,8.05
54,Thompson,CA,2021-10-12 09:54:24,55.7435,-97.8558,44.76,93,90,2.3
55,Airai,TL,2021-10-12 09:54:25,-8.9266,125.4092,65.77,83,87,2.08
56,Avarua,CK,2021-10-12 09:54:25,-21.2078,-159.775,75.25,94,75,16.11
57,Laguna,US,2021-10-12 09:54:25,38.421,-121.4238,58.1,37,1,4.0
58,Makokou,GA,2021-10-12 09:54:26,0.5738,12.8642,80.94,78,75,1.68
59,Kapaa,US,2021-10-12 09:54:26,22.0752,-159.319,77.32,83,90,5.99
60,Mataura,NZ,2021-10-12 09:54:26,-46.1927,168.8643,39.52,90,88,8.52
61,Tucuman,AR,2021-10-12 09:54:27,-26.8241,-65.2226,69.8,56,75,6.91
62,Bardiyah,LY,2021-10-12 09:54:27,31.7561,25.0865,82.09,43,1,7.07
63,Havelock,US,2021-10-12 09:54:28,34.8791,-76.9013,66.18,96,90,4.0
64,Barrow,US,2021-10-12 09:50:01,71.2906,-156.7887,30.22,80,90,17.27
65,Bandarbeyla,SO,2021-10-12 09:54:28,9.4942,50.8122,91.17,48,100,16.98
66,Challans,FR,2021-10-12 09:54:28,46.8436,-1.8749,55.6,61,45,9.13
67,Ilulissat,GL,2021-10-12 09:54:29,69.2167,-51.1,18.32,85,50,5.68
68,Vaitape,PF,2021-10-12 09:54:29,-16.5167,-151.75,80.15,79,45,19.37
69,College,US,2021-10-12 09:52:58,64.8569,-147.8028,30.15,79,20,6.91
70,Souillac,MU,2021-10-12 09:54:29,-20.5167,57.5167,81.36,74,20,12.66
71,Kununurra,AU,2021-10-12 09:54:30,-15.7667,128.7333,93.18,36,56,10.36
72,Mandla,IN,2021-10-12 09:48:22,22.6,80.3833,85.82,53,1,6.22
73,Albany,US,2021-10-12 10:09:53,42.6001,-73.9662,54.73,94,71,1.66
74,Ushuaia,AR,2021-10-12 10:13:01,-54.8,-68.3,47.86,53,40,18.41
75,New Norfolk,AU,2021-10-12 10:14:31,-42.7826,147.0587,50.92,57,72,1.01
76,Kapaa,US,2021-10-12 10:14:31,22.0752,-159.319,77.32,83,90,5.99
77,Busselton,AU,2021-10-12 10:14:31,-33.65,115.3333,55.09,61,73,11.32
78,Bethel,US,2021-10-12 10:14:32,41.3712,-73.414,60.04,93,90,0.0
79,Rikitea,PF,2021-10-12 10:14:32,-23.1203,-134.9692,73.89,76,91,12.82
80,Hasaki,JP,2021-10-12 10:14:32,35.7333,140.8333,68.4,85,100,21.85
81,Hithadhoo,MV,2021-10-12 10:14:33,-0.6,73.0833,83.14,73,64,15.57
82,Cidreira,BR,2021-10-12 10:14:33,-30.1811,-50.2056,63.57,94,92,14.29
83,Coos Bay,US,2021-10-12 10:14:33,43.3665,-124.2179,43.93,99,90,8.05
84,Taksimo,RU,2021-10-12 10:14:34,56.3444,114.8794,31.44,83,100,2.66
85,Magadan,RU,2021-10-12 10:14:34,59.5667,150.8,33.96,81,95,3.67
86,Leningradskiy,RU,2021-10-12 10:14:34,69.3833,178.4167,16.45,95,94,6.89
87,Cherskiy,RU,2021-10-12 10:14:35,68.75,161.3,-2.11,99,27,3.58
88,Disraeli,CA,2021-10-12 10:10:39,45.9001,-71.3491,46.29,96,100,3.69
89,Jamestown,US,2021-10-12 10:13:00,42.097,-79.2353,63.72,89,90,5.01
90,Hermanus,ZA,2021-10-12 10:14:35,-34.4187,19.2345,76.89,61,92,7.52
91,Nome,US,2021-10-12 10:14:36,64.5011,-165.4064,33.87,86,90,6.91
92,Tiksi,RU,2021-10-12 10:14:36,71.6872,128.8694,23.38,94,100,7.0
93,Ulaangom,MN,2021-10-12 10:14:36,49.9811,92.0667,47.32,42,60,5.21
94,Lannion,FR,2021-10-12 10:14:37,48.75,-3.4167,58.68,88,75,5.75
95,Gorontalo,ID,2021-10-12 10:14:37,0.5412,123.0595,79.5,89,23,2.55
96,Dolores,AR,2021-10-12 10:14:37,-36.3132,-57.6792,59.09,95,100,8.39
97,Iqaluit,CA,2021-10-12 10:14:38,63.7506,-68.5145,33.51,76,44,5.19
98,Hamilton,US,2021-10-12 10:10:13,39.1834,-84.5333,69.91,84,20,1.01
99,Vizinga,RU,2021-10-12 10:14:38,61.0749,50.1031,47.41,64,100,7.87
100,Vanimo,PG,2021-10-12 10:14:39,-2.6741,141.3028,80.74,83,24,5.12
101,Vaini,TO,2021-10-12 10:14:39,-21.2,-175.2,68.16,83,20,5.75
102,Dogondoutchi,NE,2021-10-12 10:14:39,13.6393,4.0287,95.22,27,77,5.73
103,Port Alfred,ZA,2021-10-12 10:14:40,-33.5906,26.891,73.98,56,92,13.87
104,Torbay,CA,2021-10-12 10:14:40,47.6666,-52.7314,43.29,90,77,5.99
105,Upernavik,GL,2021-10-12 10:14:40,72.7868,-56.1549,34.0,99,100,17.07
106,Meulaboh,ID,2021-10-12 10:14:41,4.1363,96.1285,83.7,68,36,6.96
107,Berlevag,NO,2021-10-12 10:14:41,70.8578,29.0864,42.75,87,75,21.85
108,Tasiilaq,GL,2021-10-12 10:14:41,65.6145,-37.6368,32.16,60,82,4.03
109,Bereznik,RU,2021-10-12 10:14:42,62.8551,42.7072,47.89,65,62,8.43
110,Kaitangata,NZ,2021-10-12 10:14:42,-46.2817,169.8464,42.62,85,94,20.09
111,Flinders,AU,2021-10-12 10:14:43,-34.5833,150.8552,59.2,75,99,3.89
112,Kang,BW,2021-10-12 10:14:43,-23.6752,22.7876,81.81,17,0,11.27
113,Poum,NC,2021-10-12 10:14:43,-20.2333,164.0167,75.24,86,100,19.98
114,Buraydah,SA,2021-10-12 10:14:44,26.326,43.975,98.47,9,0,4.03
115,Qaanaaq,GL,2021-10-12 10:14:44,77.484,-69.3632,30.61,97,100,4.97
116,The Pas,CA,2021-10-12 10:14:44,53.8251,-101.2541,38.05,94,100,13.04
117,Talnakh,RU,2021-10-12 10:14:45,69.4865,88.3972,15.66,96,96,1.1
118,Marsa Matruh,EG,2021-10-12 10:14:45,31.3525,27.2453,81.73,45,0,8.52
119,Grindavik,IS,2021-10-12 10:14:45,63.8424,-22.4338,45.07,93,90,12.66
120,Vernon,CA,2021-10-12 10:14:46,50.2581,-119.2691,34.29,80,1,1.01
121,Luderitz,NA,2021-10-12 10:14:46,-26.6481,15.1594,71.98,52,97,14.34
122,Delhi,IN,2021-10-12 10:13:34,28.6667,77.2167,95.09,24,0,6.91
123,Pevek,RU,2021-10-12 10:14:47,69.7008,170.3133,16.03,89,92,3.47
124,Atuona,PF,2021-10-12 10:14:47,-9.8,-139.0333,77.88,71,11,20.18
125,Punta Arenas,CL,2021-10-12 10:14:47,-53.15,-70.9167,44.71,70,0,5.75
126,Butaritari,KI,2021-10-12 10:14:48,3.0707,172.7902,81.3,71,73,10.04
127,Arraial Do Cabo,BR,2021-10-12 10:14:48,-22.9661,-42.0278,66.06,88,75,8.05
128,Sao Miguel Do Tapuio,BR,2021-10-12 10:14:49,-5.5036,-41.3233,79.81,56,69,8.39
129,East London,ZA,2021-10-12 10:14:49,-33.0153,27.9116,74.8,52,63,15.86
130,Hilo,US,2021-10-12 10:10:57,19.7297,-155.09,75.79,95,90,13.8
131,Kindu,CD,2021-10-12 10:14:49,-2.95,25.95,89.29,45,88,3.06
132,Cooma,AU,2021-10-12 10:14:50,-36.2333,149.1333,39.27,98,53,4.5
133,Fortuna Foothills,US,2021-10-12 10:14:50,32.6578,-114.4119,61.21,49,1,5.99
134,Kodiak,US,2021-10-12 10:14:50,57.79,-152.4072,42.21,81,69,10.85
135,Namanyere,TZ,2021-10-12 10:14:51,-7.5167,31.05,83.32,28,70,1.68
136,Yellowknife,CA,2021-10-12 10:14:51,62.456,-114.3525,28.42,95,11,5.99
137,Evanston,US,2021-10-12 10:14:52,42.0411,-87.6901,63.12,96,90,3.0
138,Mataura,NZ,2021-10-12 10:14:52,-46.1927,168.8643,39.52,90,88,8.52
139,Sioux Lookout,CA,2021-10-12 10:14:52,50.1001,-91.917,45.64,93,20,5.01
140,Clyde River,CA,2021-10-12 10:10:26,70.4692,-68.5914,29.17,82,48,4.07
141,Port Elizabeth,ZA,2021-10-12 10:14:53,-33.918,25.5701,74.1,51,75,10.11
142,Ilulissat,GL,2021-10-12 10:14:53,69.2167,-51.1,21.22,79,20,5.75
143,Banjarmasin,ID,2021-10-12 10:14:53,-3.3244,114.591,86.14,62,94,6.98
144,Ishigaki,JP,2021-10-12 10:14:54,24.3448,124.1572,82.56,86,85,25.64
145,Pitimbu,BR,2021-10-12 10:14:54,-7.4706,-34.8086,81.19,72,78,10.76
146,Evensk,RU,2021-10-12 10:12:18,61.95,159.2333,26.8,63,99,1.92
147,Novogurovskiy,RU,2021-10-12 10:14:55,54.4678,37.3428,54.99,48,62,11.23
148,Cape Town,ZA,2021-10-12 10:14:55,-33.9258,18.4232,77.11,49,99,1.99
149,Kavieng,PG,2021-10-12 10:14:55,-2.5744,150.7967,83.34,77,30,10.69
150,Victoria,HK,2021-10-12 10:10:01,22.2855,114.1577,80.26,69,100,1.99
151,Tuktoyaktuk,CA,2021-10-12 10:14:56,69.4541,-133.0374,25.05,86,31,12.24
152,Chuy,UY,2021-10-12 10:14:56,-33.6971,-53.4616,60.89,98,99,3.11
153,San Patricio,US,2021-10-12 10:14:56,28.017,-97.5169,82.83,84,70,13.51
154,Valdemoro,ES,2021-10-12 10:14:03,40.1908,-3.6789,69.1,63,0,2.3
155,Alto Piquiri,BR,2021-10-12 10:14:57,-24.0281,-53.4406,66.31,84,21,3.04
156,Jiazi,CN,2021-10-12 10:14:57,22.8779,116.067,78.03,72,100,27.72
157,Charters Towers,AU,2021-10-12 10:14:58,-20.1,146.2667,78.73,47,71,6.64
158,Port Hardy,CA,2021-10-12 10:14:58,50.6996,-127.4199,46.58,87,90,19.57
159,Mahajanga,MG,2021-10-12 10:14:58,-15.7167,46.3167,91.42,38,20,11.5
160,Dubuque,US,2021-10-12 10:14:59,42.4833,-90.8668,56.62,85,90,6.91
161,Severomuysk,RU,2021-10-12 10:12:14,56.1481,113.4267,21.63,95,100,4.85
162,Beruwala,LK,2021-10-12 10:14:59,6.4788,79.9828,82.15,79,39,12.75
163,Mulege,MX,2021-10-12 10:14:59,26.8833,-111.9833,70.21,57,3,9.06
164,Kudahuvadhoo,MV,2021-10-12 10:15:00,2.6708,72.8944,83.59,73,34,17.45
165,Esperance,AU,2021-10-12 10:14:09,-33.8667,121.9,54.72,62,94,25.59
166,Mayo,US,2021-10-12 10:15:00,38.8876,-76.5119,65.19,94,90,1.99
167,Oranjemund,NA,2021-10-12 10:15:01,-28.55,16.4333,67.53,62,80,9.64
168,Hambantota,LK,2021-10-12 10:15:01,6.1241,81.1185,84.58,66,95,19.35
169,Abu Kamal,SY,2021-10-12 10:15:02,34.4506,40.9171,91.47,11,59,3.4
170,Coolum Beach,AU,2021-10-12 10:15:03,-26.5333,153.1,67.1,89,84,8.88
171,Iglesias,IT,2021-10-12 10:15:03,39.3114,8.535,68.79,50,0,8.05
172,Hirara,JP,2021-10-12 10:15:04,24.8,125.2833,80.46,94,75,18.41
173,Lulea,SE,2021-10-12 10:15:05,65.5842,22.1547,46.47,76,0,12.66
174,Dingle,PH,2021-10-12 10:15:06,10.9995,122.6711,77.52,88,100,10.29
175,Tilichiki,RU,2021-10-12 10:15:06,60.4667,166.1,21.88,68,0,6.38
176,Araouane,ML,2021-10-12 10:15:07,18.9048,-3.5265,96.98,7,44,8.63
177,Barrow,US,2021-10-12 10:15:07,71.2906,-156.7887,30.22,80,90,18.41
178,San Vicente,AR,2021-10-12 10:15:07,-26.6167,-54.1333,60.53,98,60,0.83
179,Puerto Ayora,EC,2021-10-12 10:15:08,-0.7393,-90.3518,68.56,89,97,5.01
180,Nabire,ID,2021-10-12 10:15:08,-3.3667,135.4833,81.1,82,48,0.69
181,Alice Springs,AU,2021-10-12 10:13:02,-23.7,133.8833,80.15,26,0,9.22
182,Paka,MY,2021-10-12 10:15:09,4.6374,103.4368,83.71,77,100,5.21
183,Tezu,IN,2021-10-12 10:15:09,27.9167,96.1667,88.92,59,4,1.25
184,Ribeira Grande,PT,2021-10-12 10:15:09,38.5167,-28.7,70.2,73,20,8.05
185,Khatanga,RU,2021-10-12 10:15:10,71.9667,102.5,16.11,96,100,6.73
186,Kaeo,NZ,2021-10-12 10:15:10,-35.1,173.7833,49.32,86,8,5.66
187,Herat,AF,2021-10-12 10:13:15,34.5,62.0,64.13,15,0,16.49
188,Omsukchan,RU,2021-10-12 10:15:10,62.5333,155.8,14.5,95,100,5.86
189,Narsaq,GL,2021-10-12 10:15:11,60.9167,-46.05,34.02,55,52,4.32
190,Bam,IR,2021-10-12 10:15:11,29.106,58.357,78.01,7,0,9.69
191,La Ronge,CA,2021-10-12 10:15:12,55.1001,-105.2842,32.22,100,90,10.36
192,Yar-Sale,RU,2021-10-12 10:15:12,66.8333,70.8333,30.81,76,98,11.3
193,Liverpool,GB,2021-10-12 10:15:12,53.4106,-2.9779,58.75,88,75,7.0
194,San Quintin,MX,2021-10-12 10:15:13,30.4833,-115.95,61.86,61,19,11.27
195,Kenai,US,2021-10-12 10:15:13,60.5544,-151.2583,41.14,93,1,4.61
196,Chirongui,YT,2021-10-12 10:15:13,-12.9319,45.1483,84.13,69,14,5.35
197,La Palma,US,2021-10-12 10:15:14,33.8464,-118.0467,62.78,34,1,5.99
198,Vologda,RU,2021-10-12 10:15:14,59.2187,39.8886,49.44,58,100,11.12
199,Samarai,PG,2021-10-12 10:15:14,-10.6167,150.6667,80.31,85,96,5.7
200,Tarakan,ID,2021-10-12 10:15:15,3.3,117.6333,84.38,79,100,10.65
201,Kavaratti,IN,2021-10-12 10:15:15,10.5669,72.642,81.93,80,100,20.09
202,Mae Sot,TH,2021-10-12 10:15:15,16.7167,98.5667,81.95,89,88,1.83
203,Khani,GE,2021-10-12 10:15:16,41.9563,42.9566,67.57,38,60,5.1
204,Tromso,NO,2021-10-12 10:15:16,69.6496,18.957,41.65,81,75,6.91
205,Paamiut,GL,2021-10-12 10:15:16,61.994,-49.6678,38.26,77,64,1.23
206,Avarua,CK,2021-10-12 10:15:17,-21.2078,-159.775,75.25,94,75,16.11
207,Mandalgovi,MN,2021-10-12 10:15:17,45.7625,106.2708,49.41,23,99,9.08
208,Acarau,BR,2021-10-12 10:15:18,-2.8856,-40.12,80.98,69,83,15.59
209,Black Diamond,US,2021-10-12 10:13:20,47.3087,-122.0032,41.68,94,1,3.67
210,Saint George,US,2021-10-12 10:15:18,37.1041,-113.5841,48.67,82,90,1.01
211,Longyearbyen,SJ,2021-10-12 10:15:18,78.2186,15.6401,30.04,74,75,20.71
212,Acara,BR,2021-10-12 10:15:19,-1.9608,-48.1967,74.26,89,18,3.15
213,Dwarka,IN,2021-10-12 10:15:19,22.2394,68.9678,86.09,62,0,7.38
214,Dabat,ET,2021-10-12 10:15:20,12.9842,37.765,65.82,60,97,1.01
215,Saint-Philippe,RE,2021-10-12 10:15:20,-21.3585,55.7679,76.59,83,53,8.46
216,Bredasdorp,ZA,2021-10-12 10:15:20,-34.5322,20.0403,76.28,53,0,4.61
217,Airai,TL,2021-10-12 10:15:21,-8.9266,125.4092,65.77,83,87,2.08
218,Abu Samrah,SY,2021-10-12 10:15:21,35.3029,37.1841,84.22,27,99,8.41
219,Moron,AR,2021-10-12 10:15:21,-34.6534,-58.6198,60.55,98,100,3.38
220,Labuhan,ID,2021-10-12 10:15:22,-6.8844,112.2051,85.64,62,81,12.46
221,Ypsonas,CY,2021-10-12 10:15:22,34.6884,32.9574,86.49,65,20,11.5
222,Hobart,AU,2021-10-12 10:15:14,-42.8794,147.3294,51.26,66,20,11.5
223,Flin Flon,CA,2021-10-12 10:15:22,54.7682,-101.865,36.84,94,100,10.83
224,Sitka,US,2021-10-12 10:11:33,57.0531,-135.33,42.69,81,75,10.36
225,Byron Bay,AU,2021-10-12 10:15:23,-28.65,153.6167,65.05,92,100,15.61
226,Lagoa,PT,2021-10-12 10:15:23,39.05,-27.9833,68.59,72,10,7.76
227,Skibbereen,IE,2021-10-12 10:15:23,51.55,-9.2667,51.6,71,73,2.82
228,Ibra,OM,2021-10-12 10:15:24,22.6906,58.5334,97.54,14,0,4.59
229,Wattegama,LK,2021-10-12 10:15:24,6.7989,81.4808,85.87,57,74,3.33
230,Shingu,JP,2021-10-12 10:15:24,33.7333,135.9833,72.95,93,10,3.0
231,Fortuna,US,2021-10-12 10:15:25,40.5982,-124.1573,41.36,57,11,3.53
232,Port Lincoln,AU,2021-10-12 10:15:25,-34.7333,135.8667,56.32,74,100,16.98
233,Manggar,ID,2021-10-12 10:15:26,-2.8833,108.2667,83.7,76,74,11.34
234,Tuatapere,NZ,2021-10-12 10:15:26,-46.1333,167.6833,41.81,84,88,10.96
235,Fort Collins,US,2021-10-12 10:13:13,40.5853,-105.0844,47.39,66,1,1.99
236,Saint-Augustin,CA,2021-10-12 10:15:26,51.226,-58.6502,50.54,86,98,5.1
237,Lebu,CL,2021-10-12 10:15:27,-37.6167,-73.65,49.01,93,12,5.37
238,Yankton,US,2021-10-12 10:15:27,42.8711,-97.3973,48.11,87,1,8.05
239,Pisco,PE,2021-10-12 10:14:41,-13.7,-76.2167,60.85,82,90,5.75
240,Qasigiannguit,GL,2021-10-12 10:15:28,68.8193,-51.1922,21.45,82,29,5.39
241,Lavrentiya,RU,2021-10-12 10:15:28,65.5833,-171.0,30.58,89,100,11.95
242,Harnai,PK,2021-10-12 10:15:28,30.1005,67.9374,83.8,6,0,5.73
243,Ilula,TZ,2021-10-12 10:15:29,-7.6766,36.0366,80.4,36,80,10.0
244,Terrace,CA,2021-10-12 10:15:29,54.5163,-128.6035,44.42,93,90,16.11
245,Nikolskoye,RU,2021-10-12 10:15:29,59.7035,30.7861,49.89,49,2,9.86
246,Tual,ID,2021-10-12 10:15:30,-5.6667,132.75,83.93,74,45,8.52
247,Negara,ID,2021-10-12 10:15:30,-8.3151,114.6025,78.1,77,44,8.9
248,Mahon,ES,2021-10-12 10:15:30,39.8885,4.2658,68.56,60,20,14.97
249,Ulaanbaatar,MN,2021-10-12 10:11:35,47.9077,106.8832,48.33,27,75,6.71
250,Guerrero Negro,MX,2021-10-12 10:15:31,27.9769,-114.0611,66.74,67,38,15.75
251,Kieta,PG,2021-10-12 10:15:31,-6.2167,155.6333,79.32,77,31,3.06
252,Ancud,CL,2021-10-12 10:15:32,-41.8697,-73.8203,46.42,93,94,2.01
253,Zyryanka,RU,2021-10-12 10:15:32,65.75,150.85,21.6,79,100,3.58
254,Coquimbo,CL,2021-10-12 10:15:32,-29.9533,-71.3436,55.13,76,90,3.44
255,Waitati,NZ,2021-10-12 10:15:33,-45.75,170.5667,47.8,72,100,18.19
256,Larochette,LU,2021-10-12 10:15:33,49.7769,6.2211,52.88,75,75,9.22
257,Ugoofaaru,MV,2021-10-12 10:15:33,5.6667,73.0,83.14,78,66,18.32
258,Pochutla,MX,2021-10-12 10:15:34,15.7432,-96.4661,77.83,88,8,3.98
259,Bluff,NZ,2021-10-12 10:15:34,-46.6,168.3333,44.74,70,89,25.93
260,Namtsy,RU,2021-10-12 10:15:34,62.7161,129.6658,23.11,60,44,7.96
261,Salalah,OM,2021-10-12 10:13:15,17.0151,54.0924,84.29,70,0,13.8
262,Tautira,PF,2021-10-12 10:15:35,-17.7333,-149.15,77.02,82,45,18.03
263,Tangshan,CN,2021-10-12 10:15:35,39.6333,118.1833,58.24,46,0,3.42
264,Prince Rupert,CA,2021-10-12 10:15:35,54.3161,-130.3201,47.89,84,90,24.16
265,Laguna,US,2021-10-12 10:15:36,38.421,-121.4238,58.08,37,1,4.0
266,Lorengau,PG,2021-10-12 10:15:36,-2.0226,147.2712,82.8,74,25,5.55
267,Gidam,IN,2021-10-12 10:15:36,18.9833,81.4,87.35,47,8,4.07
268,Chandur Bazar,IN,2021-10-12 10:15:37,21.2417,77.7456,88.29,43,1,3.2
269,Moratuwa,LK,2021-10-12 10:15:37,6.773,79.8816,82.38,78,54,12.84
270,Carnarvon,AU,2021-10-12 10:15:38,-24.8667,113.6333,71.67,37,0,21.85
271,Mahebourg,MU,2021-10-12 10:15:38,-20.4081,57.7,80.89,61,40,12.66
272,Litovko,RU,2021-10-12 10:15:38,49.2361,135.1742,47.48,65,4,7.0
273,Kuusamo,FI,2021-10-12 10:15:39,65.9667,29.1833,41.04,100,90,6.91
274,Ponta Do Sol,PT,2021-10-12 10:15:39,32.6667,-17.1,75.83,63,24,3.44
275,Ternate,ID,2021-10-12 10:15:39,0.8,127.4,83.23,79,54,7.16
276,Geraldton,AU,2021-10-12 10:15:40,-28.7667,114.6,63.12,59,0,20.71
277,Santa Maria,BR,2021-10-12 10:15:40,-29.6842,-53.8069,60.24,96,12,3.27
278,Kogon,UZ,2021-10-12 10:15:40,39.7228,64.5517,71.64,17,0,11.5
279,Grand Gaube,MU,2021-10-12 10:15:41,-20.0064,57.6608,81.0,68,54,7.0
280,Hovd,MN,2021-10-12 10:15:41,48.0056,91.6419,46.47,21,15,12.33
281,Leh,IN,2021-10-12 10:15:41,34.1667,77.5833,49.17,14,6,5.73
282,Cayenne,GF,2021-10-12 10:14:55,4.9333,-52.3333,77.09,91,75,0.0
283,Faanui,PF,2021-10-12 10:15:42,-16.4833,-151.75,80.17,79,45,19.33
284,Norrtalje,SE,2021-10-12 10:15:42,59.758,18.705,47.28,75,100,9.35
285,Itoman,JP,2021-10-12 10:15:42,26.1247,127.6694,80.62,89,75,10.36
286,Sechura,PE,2021-10-12 10:15:43,-5.5569,-80.8222,65.71,84,99,12.57
287,Castro,BR,2021-10-12 10:15:43,-24.7911,-50.0119,58.1,97,99,2.37
288,Yining,CN,2021-10-12 10:15:43,29.0361,114.5636,68.76,67,33,8.48
289,Tonantins,BR,2021-10-12 10:15:44,-2.8731,-67.8022,72.68,99,48,1.88
290,Saint Anthony,US,2021-10-12 10:15:44,45.0205,-93.218,59.25,85,90,3.0
291,Santa Ana,US,2021-10-12 10:14:45,33.7456,-117.8678,62.04,36,1,5.99
292,Yakeshi,CN,2021-10-12 10:15:45,49.2833,120.7333,46.18,48,53,7.56
293,Gayeri,BF,2021-10-12 10:15:45,12.6497,0.4931,94.39,38,69,8.72
294,Ambilobe,MG,2021-10-12 10:15:45,-13.2,49.05,90.39,39,84,3.87
295,Solwezi,ZM,2021-10-12 10:15:46,-12.1688,26.3894,84.88,26,100,7.16
296,Caravelas,BR,2021-10-12 10:15:46,-17.7125,-39.2481,71.38,95,100,3.65
297,Thompson,CA,2021-10-12 10:15:46,55.7435,-97.8558,42.96,100,90,3.44
298,Nuuk,GL,2021-10-12 10:15:47,64.1835,-51.7216,34.41,86,20,1.14
299,Seddon,AU,2021-10-12 10:15:47,-37.8068,144.8916,61.66,67,75,2.3
300,Taft,IR,2021-10-12 10:15:47,31.7471,54.2088,73.35,12,0,2.3
301,La Asuncion,VE,2021-10-12 10:15:48,11.0333,-63.8628,79.21,89,19,11.14
302,Pokrovsk,UA,2021-10-12 10:15:48,48.282,37.1758,62.49,50,96,9.4
303,Urusha,RU,2021-10-12 10:15:49,54.05,122.9,41.16,76,100,1.32
304,Hami,CN,2021-10-12 10:15:49,42.8,93.45,57.47,24,21,0.58
305,Binga,ZW,2021-10-12 10:15:49,-17.6203,27.3414,81.36,39,0,7.61
306,Gizo,SB,2021-10-12 10:15:50,-8.103,156.8419,83.03,71,80,4.56
307,Acapulco,MX,2021-10-12 10:14:41,16.8634,-99.8901,79.59,86,64,5.91
308,Asau,RO,2021-10-12 10:15:50,46.4333,26.4,51.96,64,100,2.13
309,Nemuro,JP,2021-10-12 10:15:50,43.3236,145.575,55.18,72,3,11.43
310,Margate,GB,2021-10-12 10:15:51,51.3813,1.3862,56.7,78,100,4.0
311,San Rafael,AR,2021-10-12 10:15:51,-34.6177,-68.3301,58.32,57,70,5.91
312,Luoyang,CN,2021-10-12 10:15:51,34.6836,112.4536,60.01,59,2,7.23
313,Naze,JP,2021-10-12 10:15:52,28.3667,129.4833,77.92,87,100,18.68
314,Gediz,TR,2021-10-12 10:15:52,39.0417,29.41,73.85,29,73,19.37
315,Binzhou,CN,2021-10-12 10:15:53,37.3667,118.0167,58.06,59,0,7.54
316,Mar Del Plata,AR,2021-10-12 10:15:53,-38.0023,-57.5575,60.1,64,90,1.99
317,College,US,2021-10-12 10:13:19,64.8569,-147.8028,31.95,74,20,8.05
318,Kushmurun,KZ,2021-10-12 10:15:53,52.4503,64.6311,55.87,48,95,14.81
319,Bocaiuva,BR,2021-10-12 10:15:54,-17.1078,-43.815,67.71,85,81,9.73
320,Saskylakh,RU,2021-10-12 10:12:14,71.9167,114.0833,24.49,95,100,8.95
321,Bandarbeyla,SO,2021-10-12 10:15:54,9.4942,50.8122,91.17,48,100,16.98
322,San Nicolas,PH,2021-10-12 10:15:55,18.1725,120.5953,82.31,74,75,12.66
323,Vicuna,CL,2021-10-12 10:11:40,-30.0319,-70.7081,47.93,57,99,1.39
324,Viedma,AR,2021-10-12 10:15:55,-40.8135,-62.9967,57.2,69,94,8.05
325,Hobyo,SO,2021-10-12 10:15:56,5.3505,48.5268,83.52,66,47,22.77
326,Goderich,CA,2021-10-12 10:15:55,43.7501,-81.7165,66.9,72,100,12.66
327,Eyemouth,GB,2021-10-12 10:15:56,55.8713,-2.0901,51.84,89,100,1.99
328,Georgetown,MY,2021-10-12 10:15:10,5.4112,100.3354,91.33,58,47,5.75
329,Pangoa,PE,2021-10-12 10:15:57,-12.1167,-73.0,65.89,98,64,3.58
330,Virginia Beach,US,2021-10-12 10:11:28,36.8529,-75.978,69.03,95,100,13.65
331,Penzance,GB,2021-10-12 10:15:57,50.1186,-5.5371,59.07,82,20,13.8
332,Makat,KZ,2021-10-12 10:15:57,47.6469,53.3463,64.8,26,91,15.17
333,Maceio,BR,2021-10-12 10:15:58,-9.6658,-35.7353,80.04,89,40,6.91
334,Dawson Creek,CA,2021-10-12 10:15:58,55.7666,-120.2362,31.64,69,1,16.11
335,Ushtobe,KZ,2021-10-12 10:15:59,45.2514,77.9838,46.62,49,83,11.74
336,Ferrol,ES,2021-10-12 10:15:59,43.4832,-8.2369,66.45,84,0,4.14
337,Jumla,NP,2021-10-12 10:15:59,29.2747,82.1838,69.26,47,96,6.42
338,Baykit,RU,2021-10-12 10:16:00,61.67,96.37,25.9,63,100,2.71
339,San Andres,CO,2021-10-12 10:16:00,12.5847,-81.7006,78.82,89,40,3.44
340,Bud,US,2021-10-12 10:16:00,39.447,-86.1758,65.55,87,2,8.1
341,Bengkulu,ID,2021-10-12 10:16:01,-3.8004,102.2655,79.32,87,93,4.34
342,Derzhavinsk,KZ,2021-10-12 10:16:01,51.1,66.3167,49.77,46,33,17.56
343,Laela,TZ,2021-10-12 10:16:02,-8.5667,32.05,83.68,26,82,5.66
344,Payo,ID,2021-10-12 10:16:02,-3.7508,103.6372,84.58,65,89,2.53
345,Rantauprapat,ID,2021-10-12 10:16:03,2.1,99.8333,85.19,71,100,3.69
346,Cockburn Town,TC,2021-10-12 10:16:03,21.4612,-71.1419,82.92,77,100,17.07
347,Mafra,BR,2021-10-12 10:16:04,-26.1114,-49.8053,60.93,99,98,1.59
348,Pyaozerskiy,RU,2021-10-12 10:16:04,65.8333,31.1667,41.67,95,100,10.18
349,Dryden,CA,2021-10-12 10:16:04,49.7833,-92.7503,44.89,100,1,4.61
350,Garowe,SO,2021-10-12 10:16:05,8.4054,48.4845,88.57,41,100,15.95
351,Esil,KZ,2021-10-12 10:16:05,51.9556,66.4042,51.78,49,83,17.83
352,Vardo,NO,2021-10-12 10:16:05,70.3705,31.1107,43.0,93,75,11.5
353,Sibolga,ID,2021-10-12 10:16:06,1.7427,98.7792,82.87,71,94,2.68
354,Poltavka,RU,2021-10-12 10:16:06,54.3663,71.7632,39.18,91,100,11.3
355,Keuruu,FI,2021-10-12 10:16:07,62.2667,24.7,48.94,76,98,3.42
356,Pontes E Lacerda,BR,2021-10-12 10:16:07,-15.2261,-59.3353,74.07,94,57,0.92
357,Turukhansk,RU,2021-10-12 10:16:07,65.8167,87.9833,28.04,70,96,5.73
358,Mehamn,NO,2021-10-12 10:16:08,71.0357,27.8492,42.98,87,75,14.97
359,Necochea,AR,2021-10-12 10:15:26,-38.5473,-58.7368,56.03,96,4,7.54
360,Porto Novo,BJ,2021-10-12 10:16:08,6.4965,2.6036,84.02,62,76,4.88
361,Canton,CN,2021-10-12 10:12:15,23.1167,113.25,75.15,61,95,21.56
362,Katima Mulilo,NA,2021-10-12 10:16:09,-17.5,24.2667,89.82,18,0,9.24
363,Tessalit,ML,2021-10-12 10:16:09,20.1986,1.0114,96.71,7,36,10.0
364,Kysyl-Syr,RU,2021-10-12 10:16:09,63.8986,122.7617,23.13,91,100,8.72
365,Puerto Del Rosario,ES,2021-10-12 10:16:10,28.5004,-13.8627,74.95,60,40,11.5
366,Nizhniy Kuranakh,RU,2021-10-12 10:16:10,58.8353,125.4869,23.86,66,0,7.92
367,Bethanien,NA,2021-10-12 10:16:10,-26.502,17.1583,97.63,7,66,10.87
368,Teguldet,RU,2021-10-12 10:16:11,57.3064,88.1667,32.95,45,31,3.13
369,Nouadhibou,MR,2021-10-12 10:16:11,20.931,-17.0347,73.38,73,2,17.27
370,Kalianget,ID,2021-10-12 10:16:11,-7.05,113.9333,85.17,58,64,14.18
371,Biak,ID,2021-10-12 10:16:12,-0.9131,122.8766,78.98,82,44,4.54
372,Cabo San Lucas,MX,2021-10-12 10:16:12,22.8909,-109.9124,79.61,78,96,3.96
373,Mineral Wells,US,2021-10-12 10:16:12,32.8085,-98.1128,68.4,72,20,8.05
374,Vila Velha,BR,2021-10-12 10:12:55,-20.3297,-40.2925,67.95,94,75,0.0
375,Vostok,RU,2021-10-12 10:16:13,46.4856,135.8833,38.8,63,0,3.47
376,Wanning,CN,2021-10-12 10:16:13,18.8003,110.3967,75.78,76,95,18.88
377,Canutama,BR,2021-10-12 10:16:14,-6.5339,-64.3831,72.16,96,84,3.47
378,Enterprise,US,2021-10-12 10:16:14,36.0252,-115.2419,50.23,44,90,11.01
379,Barranca,PE,2021-10-12 10:16:14,-10.75,-77.7667,61.5,90,99,7.11
380,Gat,IL,2021-10-12 10:16:15,31.61,34.7642,86.68,39,92,5.23
381,North Bend,US,2021-10-12 10:16:15,43.4065,-124.2243,43.86,99,90,8.05
382,Greenwood,US,2021-10-12 10:16:15,34.1668,-82.1165,62.96,48,90,0.0
383,Guiyang,CN,2021-10-12 10:16:16,26.5833,106.7167,55.89,88,90,4.47
384,Panzhihua,CN,2021-10-12 10:16:16,26.5851,101.7128,78.33,70,19,0.85
385,Deputatskiy,RU,2021-10-12 10:12:17,69.3,139.9,20.57,97,100,1.41
386,Kruisfontein,ZA,2021-10-12 10:16:17,-34.0033,24.7314,72.88,32,84,12.03
387,Nelson Bay,AU,2021-10-12 10:16:17,-32.7167,152.15,60.01,96,100,1.99
388,Plouzane,FR,2021-10-12 10:16:17,48.3833,-4.6167,57.38,85,40,3.44
389,Isabela,PH,2021-10-12 10:16:18,6.7085,121.9711,82.45,82,85,7.27
390,Saldanha,ZA,2021-10-12 10:16:18,-33.0117,17.9442,78.85,69,100,15.05
391,Tchibanga,GA,2021-10-12 10:16:18,-2.85,11.0333,82.54,74,90,2.3
392,Kijang,KR,2021-10-12 10:16:19,35.2442,129.2139,67.73,72,99,20.56
393,Paita,PE,2021-10-12 10:16:19,-5.0892,-81.1144,65.08,87,100,12.82
394,Lasa,IT,2021-10-12 10:16:19,46.6166,10.7002,50.88,43,100,4.0
395,Chokurdakh,RU,2021-10-12 10:16:20,70.6333,147.9167,15.89,85,100,8.32
396,Isangel,VU,2021-10-12 10:16:20,-19.55,169.2667,74.01,79,100,6.13
397,Codrington,AU,2021-10-12 10:16:20,-38.2667,141.9667,53.49,75,85,10.74
398,Meadow Lake,US,2021-10-12 10:16:21,34.8014,-106.5436,59.29,40,0,30.31
399,Gravdal,NO,2021-10-12 10:16:21,68.1214,13.5031,44.49,65,40,6.91
400,Chara,RU,2021-10-12 10:16:21,56.9064,118.2631,29.05,86,100,5.35
401,Beloha,MG,2021-10-12 10:16:22,-25.1667,45.05,82.15,32,17,14.09
402,Bubaque,GW,2021-10-12 10:16:22,11.2833,-15.8333,82.18,74,98,1.79
403,Lodja,CD,2021-10-12 10:16:22,-3.4833,23.4333,89.94,47,98,1.23
404,Maxixe,MZ,2021-10-12 10:16:23,-23.8597,35.3472,78.06,44,1,9.15
405,Shimoda,JP,2021-10-12 10:16:23,34.6667,138.95,66.11,88,79,18.68
406,Lufilufi,WS,2021-10-12 10:16:23,-13.8745,-171.5986,73.18,73,27,13.8
407,Provideniya,RU,2021-10-12 10:16:24,64.3833,-173.3,29.97,91,100,8.68
408,Ziro,IN,2021-10-12 10:16:24,27.6333,93.8333,72.34,62,12,3.18
409,San Buenaventura,MX,2021-10-12 10:16:25,27.0833,-101.5333,74.26,60,57,3.02
410,Egvekinot,RU,2021-10-12 10:16:25,66.3167,-179.1667,16.0,85,100,10.16
411,Sehithwa,BW,2021-10-12 10:16:25,-20.4667,22.7167,87.15,23,0,9.24
412,Zemio,CF,2021-10-12 10:16:26,5.0314,25.1361,79.47,69,100,8.5
413,Ponta Delgada,PT,2021-10-12 10:16:26,37.7333,-25.6667,72.32,83,20,3.44
414,Sakakah,SA,2021-10-12 10:16:26,29.9697,40.2064,98.17,10,38,3.2
415,Rafai,CF,2021-10-12 10:16:27,4.95,23.9167,83.12,63,90,6.15
416,Saint-Joseph,RE,2021-10-12 10:16:27,-21.3667,55.6167,75.58,85,71,2.8
417,Havre-Saint-Pierre,CA,2021-10-12 10:16:27,50.2334,-63.5986,53.96,94,75,6.91
418,Yuzhnyy-Kospashskiy,RU,2021-10-12 10:16:28,58.9695,57.7548,50.95,75,96,6.85
419,Klaksvik,FO,2021-10-12 10:16:28,62.2266,-6.589,41.92,63,52,4.76
420,Vestmannaeyjar,IS,2021-10-12 10:16:28,63.4427,-20.2734,47.39,87,90,20.71
421,Marawi,PH,2021-10-12 10:16:29,7.9986,124.2928,75.65,84,74,7.0
422,Harper,LR,2021-10-12 10:16:29,4.375,-7.7169,77.61,90,100,6.13
423,Nishihara,JP,2021-10-12 10:16:30,26.1842,127.7558,79.88,89,75,10.36
424,Cabra,ES,2021-10-12 10:16:30,37.4725,-4.4421,73.18,45,92,2.59
425,Tiquicheo,MX,2021-10-12 10:16:30,18.8833,-100.7333,71.33,92,20,1.86
426,Sari,IR,2021-10-12 10:16:31,36.5633,53.0601,72.99,49,20,9.22
427,Haines Junction,CA,2021-10-12 10:16:32,60.7522,-137.5108,31.95,100,100,2.3
428,Suleja,NG,2021-10-12 10:16:32,9.1758,7.1808,86.83,59,99,1.99
429,Severo-Kurilsk,RU,2021-10-12 10:16:32,50.6789,156.125,44.15,79,59,24.81
430,Yantzaza,EC,2021-10-12 10:16:33,-3.8278,-78.7594,64.42,98,80,0.83
431,Whitehorse,CA,2021-10-12 10:15:56,60.7161,-135.0538,34.57,90,90,18.99
432,Belle Fourche,US,2021-10-12 10:16:33,44.6714,-103.8522,44.11,58,100,12.33
433,Xian,CN,2021-10-12 10:11:45,34.2583,108.9286,60.24,64,40,2.89
434,Bengbu,CN,2021-10-12 10:16:34,32.9408,117.3608,62.1,60,8,9.31
435,Moree,AU,2021-10-12 10:16:34,-29.4667,149.85,62.62,94,75,8.05
436,Saint-Pierre,RE,2021-10-12 10:16:34,-21.3393,55.4781,76.68,85,90,4.61
437,Voznesenskoye,RU,2021-10-12 10:16:35,54.89,42.7569,56.28,39,48,9.53
438,Hueyapan,MX,2021-10-12 10:16:35,18.8667,-98.6667,54.07,90,6,3.85
439,Dikson,RU,2021-10-12 10:16:35,73.5069,80.5464,31.44,77,91,12.41
440,Salinas,US,2021-10-12 10:14:56,36.6777,-121.6555,57.97,67,1,4.61
441,Fairbanks,US,2021-10-12 10:16:36,64.8378,-147.7164,31.96,74,1,3.44
442,Santa Ines,BR,2021-10-12 10:16:36,-3.6667,-45.38,77.0,82,39,3.87
443,Carnot,CF,2021-10-12 10:16:37,4.9409,15.8665,85.6,59,85,3.96
444,Bonthe,SL,2021-10-12 10:16:37,7.5264,-12.505,82.74,74,64,2.62
445,Lata,PT,2021-10-12 10:16:37,40.1629,-8.3327,77.49,40,7,4.65
446,Roald,NO,2021-10-12 10:16:38,62.5833,6.1333,48.34,71,75,8.05
447,Arlit,NE,2021-10-12 10:16:38,18.7369,7.3853,97.52,6,19,3.67
448,Maniitsoq,GL,2021-10-12 10:16:38,65.4167,-52.9,36.45,72,100,4.16
449,Kedrovyy,RU,2021-10-12 10:16:39,56.1667,91.8167,28.81,69,100,4.94
450,Concarneau,FR,2021-10-12 10:16:39,47.875,-3.9225,58.05,66,57,5.35
451,Santa Cruz,BO,2021-10-12 10:16:40,-17.8,-63.1667,69.85,88,75,3.44
452,Puri,IN,2021-10-12 10:16:40,19.8,85.85,93.72,70,76,3.85
453,Ballina,AU,2021-10-12 10:16:40,-28.8667,153.5667,62.78,91,100,16.49
454,Udachnyy,RU,2021-10-12 10:16:41,66.4167,112.4,16.18,93,100,26.37
455,Tuy Hoa,VN,2021-10-12 10:16:41,13.0833,109.3,79.18,89,100,4.92
456,Kuching,MY,2021-10-12 10:16:42,1.55,110.3333,87.22,79,40,3.44
457,Vao,NC,2021-10-12 10:16:42,-22.6667,167.4833,71.04,84,100,14.54
458,Casper,US,2021-10-12 10:15:00,42.8666,-106.3131,29.71,90,90,7.0
459,Pringsewu,ID,2021-10-12 10:16:43,-5.3582,104.9744,81.37,73,69,8.46
460,Gavle,SE,2021-10-12 10:16:43,60.6745,17.1417,52.0,68,54,1.99
461,Gazojak,TM,2021-10-12 10:16:43,41.1875,61.4036,68.4,18,0,12.5
462,Rocha,UY,2021-10-12 10:12:26,-34.4833,-54.3333,59.97,98,100,7.05
463,Sergeyevka,KZ,2021-10-12 10:16:44,53.88,67.4158,52.97,55,78,12.39
464,Mount Gambier,AU,2021-10-12 10:15:48,-37.8333,140.7667,50.83,59,62,4.65
465,Puerto Montt,CL,2021-10-12 10:16:44,-41.4698,-72.9447,45.43,100,90,5.75
466,Los Altos,US,2021-10-12 10:16:45,37.3852,-122.1141,58.51,42,1,1.99
467,Walvis Bay,NA,2021-10-12 10:16:45,-22.9575,14.5053,67.15,68,32,12.66
468,Noumea,NC,2021-10-12 10:16:45,-22.2763,166.4572,71.58,86,100,1.77
469,Aklavik,CA,2021-10-12 10:16:46,68.2191,-135.0107,23.83,84,99,6.46
470,Jijiga,ET,2021-10-12 10:16:46,9.35,42.8,78.85,36,55,11.3
471,Tonj,SS,2021-10-12 10:16:46,7.2737,28.6822,80.62,69,100,8.63
472,Los Llanos De Aridane,ES,2021-10-12 10:16:47,28.6585,-17.9182,69.55,86,40,4.61
473,Alofi,NU,2021-10-12 10:16:47,-19.0595,-169.9187,73.29,68,7,9.22
474,Zhigansk,RU,2021-10-12 10:12:12,66.7697,123.3711,18.75,88,100,8.93
475,Bathsheba,BB,2021-10-12 10:16:48,13.2167,-59.5167,81.21,83,40,17.27
476,Beira,MZ,2021-10-12 10:16:48,-19.8436,34.8389,80.69,36,40,11.5
477,Nalut,LY,2021-10-12 10:16:48,30.3333,10.85,72.12,31,100,3.22
478,Killarney,IE,2021-10-12 10:16:49,52.05,-9.5167,51.85,100,75,2.3
479,Aykhal,RU,2021-10-12 10:16:49,66.0,111.5,14.0,93,100,22.86
480,Saquena,PE,2021-10-12 10:16:49,-4.6667,-73.5167,73.38,98,98,2.15
481,Grand-Lahou,CI,2021-10-12 10:16:50,5.1367,-5.0242,82.76,75,34,3.8
482,Yuzhnyy,RU,2021-10-12 10:16:50,53.2542,83.6936,39.58,45,0,11.18
483,Santa Lucia,ES,2021-10-12 10:16:51,27.9117,-15.5407,68.11,58,20,17.27
484,Inta,RU,2021-10-12 10:16:51,66.0317,60.1659,32.36,97,100,9.26
485,Trinidad,BO,2021-10-12 10:16:51,-14.8333,-64.9,73.38,88,40,4.61
486,Urucui,BR,2021-10-12 10:16:52,-7.2294,-44.5561,83.1,50,82,5.28
487,Shevchenkove,UA,2021-10-12 10:16:52,49.6959,37.1735,62.38,51,100,11.14
488,Bemidji,US,2021-10-12 10:16:52,47.4736,-94.8803,48.9,97,1,5.75
489,Kununurra,AU,2021-10-12 10:14:16,-15.7667,128.7333,93.18,36,56,10.36
490,Pemberton,CA,2021-10-12 10:16:53,50.3164,-122.8027,31.86,86,35,3.24
491,Norman Wells,CA,2021-10-12 10:16:53,65.282,-126.8329,24.84,93,20,5.75
492,Loksa,EE,2021-10-12 10:16:54,59.5764,25.7214,50.94,67,100,11.83
493,Half Moon Bay,US,2021-10-12 10:16:54,37.4636,-122.4286,58.82,40,1,5.01
494,Ajdabiya,LY,2021-10-12 10:16:54,30.7554,20.2263,78.33,49,0,15.23
495,Chunian,PK,2021-10-12 10:16:55,30.964,73.9803,98.02,14,0,3.51
496,Nago,JP,2021-10-12 10:16:55,26.5881,127.9761,80.67,89,100,10.89
497,Visby,SE,2021-10-12 10:16:55,57.6409,18.296,48.06,87,40,14.97
498,Hornepayne,CA,2021-10-12 10:16:56,49.2138,-84.7705,53.91,93,100,2.08
499,Sur,OM,2021-10-12 10:16:56,22.5667,59.5289,87.91,37,0,8.01
500,Dali,CN,2021-10-12 10:16:56,25.7,100.1833,68.31,76,71,2.06
501,Pathein,MM,2021-10-12 10:16:57,16.7833,94.7333,81.77,88,100,2.73
502,Sao Miguel Do Araguaia,BR,2021-10-12 10:16:57,-13.275,-50.1628,78.12,67,88,1.21
503,Lamu,KE,2021-10-12 10:16:58,-2.2717,40.902,86.22,65,91,14.52
504,Lillehammer,NO,2021-10-12 10:16:58,61.1146,10.4674,47.32,58,68,6.13
505,Vaitape,PF,2021-10-12 10:16:58,-16.5167,-151.75,80.15,79,45,19.37
506,Te Anau,NZ,2021-10-12 10:16:59,-45.4167,167.7167,37.83,99,95,4.18
507,Xingcheng,CN,2021-10-12 10:16:59,40.6167,120.7167,57.07,55,0,2.8
508,Imbituba,BR,2021-10-12 10:17:00,-28.24,-48.6703,69.69,97,99,10.96
509,Kazerun,IR,2021-10-12 10:17:00,29.6195,51.6541,89.47,14,0,6.2
510,Pafos,CY,2021-10-12 10:17:00,34.7667,32.4167,87.22,61,20,9.22
511,Mbini,GQ,2021-10-12 10:17:01,1.574,9.6134,83.68,71,94,4.45
512,Solnechnyy,RU,2021-10-12 10:17:02,50.7214,136.6319,44.08,67,91,4.99
513,Bitkine,TD,2021-10-12 10:17:02,11.9801,18.2138,96.42,15,19,6.38
514,Pimentel,PE,2021-10-12 10:17:03,-6.8367,-79.9342,63.37,90,99,12.06
515,Karasjok,NO,2021-10-12 10:17:03,69.4719,25.5112,42.91,84,100,17.43
516,Tutoia,BR,2021-10-12 10:17:04,-2.7619,-42.2744,80.2,76,56,11.65
517,Manono,CD,2021-10-12 10:17:04,-7.3,27.4167,89.56,43,80,3.76
518,Belen,TR,2021-10-12 10:17:04,36.4891,36.2233,77.14,48,0,9.22
519,Kalmunai,LK,2021-10-12 10:17:05,7.4167,81.8167,90.43,50,91,6.67
520,Baft,IR,2021-10-12 10:17:05,29.234,56.6057,73.72,6,0,15.1
521,Heihe,CN,2021-10-12 10:17:05,50.2441,127.4902,57.78,59,18,7.87
522,Mayor Pablo Lagerenza,PY,2021-10-12 10:17:06,-19.9309,-60.7718,71.37,82,94,3.11
523,Karratha,AU,2021-10-12 10:17:06,-20.7377,116.8463,81.7,36,3,13.31
524,Aripuana,BR,2021-10-12 10:17:06,-9.1667,-60.6333,73.96,83,82,2.8
525,Sao Filipe,CV,2021-10-12 10:17:07,14.8961,-24.4956,80.08,71,2,6.4
526,Uusikaupunki,FI,2021-10-12 10:16:16,60.8004,21.4084,48.72,76,65,8.5
527,Birsk,RU,2021-10-12 10:17:07,55.4211,55.5428,53.85,64,100,9.51
528,Saint Cloud,US,2021-10-12 10:14:07,45.5608,-94.1625,56.89,88,90,1.99
529,Tadine,NC,2021-10-12 10:17:08,-21.55,167.8833,72.5,77,100,6.2
530,Punta Cardon,VE,2021-10-12 10:17:08,11.6581,-70.215,82.22,78,87,16.4
531,Sisimiut,GL,2021-10-12 10:17:08,66.9395,-53.6735,33.01,71,100,6.49
532,New Ulm,US,2021-10-12 10:13:20,44.3125,-94.4605,52.3,93,1,6.91
533,Chandrapur,IN,2021-10-12 10:17:09,19.95,79.3,87.98,51,3,5.37
534,South Hill,US,2021-10-12 10:17:09,47.1412,-122.2701,42.15,95,1,0.0
535,Majene,ID,2021-10-12 10:17:09,-3.5403,118.9707,81.99,80,69,7.49
536,Caucaia,BR,2021-10-12 10:17:10,-3.7361,-38.6531,85.06,71,40,16.11
537,Yulara,AU,2021-10-12 10:17:10,-25.2406,130.9889,80.44,17,3,5.75
538,Balikpapan,ID,2021-10-12 10:13:31,-1.2675,116.8289,83.39,84,20,6.91
539,Petropavlovsk-Kamchatskiy,RU,2021-10-12 10:17:11,53.0452,158.6483,43.39,45,20,17.9
540,Ambon,ID,2021-10-12 10:17:11,-3.6954,128.1814,82.54,78,20,4.61
541,Ossora,RU,2021-10-12 10:17:11,59.2353,163.0719,33.98,75,43,4.68
542,Mandera,KE,2021-10-12 10:17:12,3.9366,41.867,89.91,37,93,16.53
543,Okhotsk,RU,2021-10-12 10:17:12,59.3833,143.3,33.21,65,0,16.42
544,Molochnoye,RU,2021-10-12 10:17:12,59.2917,39.6787,48.97,59,100,10.8
545,Sutton,GB,2021-10-12 10:17:13,51.35,-0.2,57.13,92,0,1.99
546,Portland,US,2021-10-12 10:15:48,45.5234,-122.6762,43.2,91,20,3.44
547,Coahuayana,MX,2021-10-12 10:17:13,18.7333,-103.6833,74.86,92,99,3.96
548,Jian,CN,2021-10-12 10:17:14,27.1172,114.9793,72.45,56,98,15.23
549,Mao,ES,2021-10-12 10:17:14,39.8885,4.2658,68.56,60,20,14.97
550,Sultanpur,IN,2021-10-12 10:17:14,26.2667,82.0667,90.27,42,0,3.24
551,Adrar,MR,2021-10-12 10:17:15,20.5022,-10.0711,91.9,12,70,4.56
552,Guaruja,BR,2021-10-12 10:17:15,-23.9931,-46.2564,75.16,26,79,4.05
553,Faya,SA,2021-10-12 10:17:16,18.3851,42.4509,80.71,13,32,8.9
554,Heinola,FI,2021-10-12 10:17:16,61.2056,26.0381,46.0,84,100,7.45
555,Los Chiles,CR,2021-10-12 10:17:16,11.0333,-84.7167,72.21,98,30,1.92
556,Gbarnga,LR,2021-10-12 10:17:17,6.9956,-9.4722,83.84,67,52,1.01
557,San Policarpo,PH,2021-10-12 10:17:17,12.1791,125.5072,81.41,78,100,6.2
558,Rawson,AR,2021-10-12 10:17:17,-43.3002,-65.1023,54.95,59,100,10.89
559,Jackson,US,2021-10-12 10:17:18,42.4165,-122.8345,36.05,84,1,0.0
560,Niort,FR,2021-10-12 10:13:49,46.3333,-0.3333,58.3,76,42,1.99
561,Shenzhen,CN,2021-10-12 10:13:39,22.5455,114.0683,80.15,81,100,5.01
562,Katobu,ID,2021-10-12 10:17:18,-4.9408,122.5276,79.59,84,50,2.06
563,Gazanjyk,TM,2021-10-12 10:17:18,39.2446,55.5154,71.04,12,0,18.75
564,Bonavista,CA,2021-10-12 10:17:19,48.6499,-53.1147,45.12,82,98,22.84
565,Bhuban,IN,2021-10-12 10:17:19,20.8833,85.8333,87.89,65,73,1.72
566,Osa,RU,2021-10-12 10:17:19,57.2829,55.4567,53.28,54,100,7.72
567,Belgrade,RS,2021-10-12 10:17:20,44.804,20.4651,48.38,93,75,10.36
568,Manokwari,ID,2021-10-12 10:17:20,-0.8667,134.0833,81.99,78,13,1.57
569,Buala,SB,2021-10-12 10:17:21,-8.145,159.5921,80.76,80,83,2.82
570,Chimbote,PE,2021-10-12 10:14:44,-9.0853,-78.5783,62.31,90,99,5.23
571,Leshukonskoye,RU,2021-10-12 10:17:21,64.8989,45.7622,44.08,80,99,9.28
572,Potiskum,NG,2021-10-12 10:17:22,11.7091,11.0694,93.74,17,70,0.4
573,Havoysund,NO,2021-10-12 10:17:22,70.9963,24.6622,43.68,81,100,15.21
574,Katsuura,JP,2021-10-12 10:17:22,35.1333,140.3,69.19,88,100,20.98
575,Kahului,US,2021-10-12 10:17:23,20.8947,-156.47,78.82,84,1,18.41
576,Pangnirtung,CA,2021-10-12 10:17:23,66.1451,-65.7125,36.09,71,100,3.22
577,Totness,SR,2021-10-12 10:17:23,5.8833,-56.3167,77.23,87,9,8.03
578,Hit,IQ,2021-10-12 10:17:24,33.6416,42.8251,94.35,9,71,1.36
579,Touros,BR,2021-10-12 10:17:24,-5.1989,-35.4608,83.3,66,54,14.54
580,Aksu,CN,2021-10-12 10:17:24,41.1231,80.2644,60.6,19,0,0.69
581,Halifax,CA,2021-10-12 10:17:25,44.6453,-63.5724,51.8,97,40,0.0
582,Murmashi,RU,2021-10-12 10:17:25,68.8154,32.8115,41.41,87,0,4.47
583,Ceratu,RO,2021-10-12 10:17:26,44.0667,23.6667,53.42,93,100,5.35
584,Carutapera,BR,2021-10-12 10:17:26,-1.195,-46.02,81.32,71,4,8.95
585,Carahue,CL,2021-10-12 10:17:26,-38.7,-73.1667,43.0,92,42,1.72
586,Salinopolis,BR,2021-10-12 10:17:27,-0.6136,-47.3561,81.01,74,62,12.19
587,Warrington,GB,2021-10-12 10:17:27,53.3925,-2.5802,58.91,93,75,5.01
588,Iberia,US,2021-10-12 10:17:27,29.9502,-91.7507,79.05,92,2,7.43
589,Chulman,RU,2021-10-12 10:17:28,56.8479,124.9104,24.39,84,100,3.33
590,Marovoay,MG,2021-10-12 10:17:28,-16.1,46.6333,91.54,21,0,5.61
591,Nanortalik,GL,2021-10-12 10:17:28,60.1432,-45.2371,40.03,62,62,2.77
592,Phan Thiet,VN,2021-10-12 10:17:29,10.9333,108.1,79.47,87,98,13.18
593,Mount Isa,AU,2021-10-12 10:17:29,-20.7333,139.5,83.97,45,6,8.05
594,Nhulunbuy,AU,2021-10-12 10:17:29,-12.2333,136.7667,81.21,74,10,5.75
595,Havre,FR,2021-10-12 10:17:30,49.5833,0.3333,58.77,72,75,9.22
596,Njeru,UG,2021-10-12 10:17:30,0.4186,33.1731,78.03,54,85,7.4
597,Dunedin,NZ,2021-10-12 10:17:30,-45.8742,170.5036,47.8,72,100,27.0
598,Pitea,SE,2021-10-12 10:17:31,65.3172,21.4794,48.09,83,100,3.62
599,Progreso,MX,2021-10-12 10:17:31,21.2833,-89.6667,77.11,92,16,7.87
600,Tommot,RU,2021-10-12 10:17:31,58.9564,126.2925,25.36,61,1,9.17
601,Kulhudhuffushi,MV,2021-10-12 10:17:32,6.6221,73.07,82.65,79,70,19.73
602,Camapua,BR,2021-10-12 10:17:32,-19.5314,-54.0439,70.93,84,4,3.94
603,Tulun,RU,2021-10-12 10:17:32,54.5611,100.5792,33.91,87,100,2.86
604,Bay Roberts,CA,2021-10-12 10:17:33,47.5999,-53.2648,45.03,85,73,3.0
605,Mugma,IN,2021-10-12 10:17:33,23.7667,86.7333,90.75,47,21,4.36
606,Lixourion,GR,2021-10-12 10:17:33,38.2019,20.4314,66.2,72,75,12.66
607,Jega,NG,2021-10-12 10:17:34,12.2175,4.3792,93.4,36,100,2.98
608,Ixtapa,MX,2021-10-12 10:17:34,20.7,-105.2,78.22,88,98,1.01
609,Keti Bandar,PK,2021-10-12 10:17:34,24.1447,67.4497,88.48,45,0,9.91
610,Lethem,GY,2021-10-12 10:17:35,3.3803,-59.7968,75.69,82,20,6.64
611,Tabuk,PH,2021-10-12 10:17:35,17.4189,121.4443,76.32,89,100,9.4
612,Udagamandalam,IN,2021-10-12 10:17:35,11.4,76.7,59.13,88,94,4.27
613,Constitucion,CL,2021-10-12 10:17:36,-35.3333,-72.4167,53.01,78,100,7.96
614,Karpathos,GR,2021-10-12 10:17:36,35.507,27.2132,76.96,57,40,18.41
615,Khrebtovaya,RU,2021-10-12 10:17:37,56.7032,104.2494,25.54,57,100,4.56
616,Henties Bay,NA,2021-10-12 10:17:37,-22.116,14.2845,69.17,67,12,11.54
617,Pueblo Nuevo,MX,2021-10-12 10:17:37,23.3833,-105.3833,53.26,93,71,5.19
618,Minab,IR,2021-10-12 10:17:37,27.1467,57.0801,99.9,11,0,5.57
619,Talikota,IN,2021-10-12 10:17:38,16.4833,76.3167,86.16,39,93,8.93
620,San Jeronimo,PE,2021-10-12 10:17:38,-11.9472,-75.2829,47.1,79,6,2.13
621,Waingapu,ID,2021-10-12 10:17:39,-9.6567,120.2641,82.47,61,52,2.71
622,Bali Chak,IN,2021-10-12 10:17:39,22.3667,87.55,90.43,61,89,4.68
623,Marsh Harbour,BS,2021-10-12 10:17:39,26.5412,-77.0636,80.46,68,12,6.89
624,Hervey Bay,AU,2021-10-12 10:17:40,-25.2986,152.8535,73.04,86,54,2.51
625,Yuzhno-Kurilsk,RU,2021-10-12 10:17:40,44.0306,145.8556,51.03,77,1,5.28
626,Bambous Virieux,MU,2021-10-12 10:17:41,-20.3428,57.7575,80.85,61,40,12.66
627,Andenes,NO,2021-10-12 10:16:48,69.3143,16.1194,42.78,65,75,18.41
628,Aksarka,RU,2021-10-12 10:17:41,66.5606,67.7975,30.58,79,100,10.09
629,Pemangkat,ID,2021-10-12 10:17:42,1.1667,108.9667,84.11,75,82,14.79
630,Talavera De La Reina,ES,2021-10-12 10:17:42,39.9635,-4.8308,68.61,57,64,10.4
631,Biltine,TD,2021-10-12 10:17:42,14.5333,20.9167,99.59,12,88,17.25
632,San Cristobal,VE,2021-10-12 10:17:43,7.7669,-72.225,69.98,93,52,1.77
633,Ifakara,TZ,2021-10-12 10:17:43,-8.1333,36.6833,91.72,34,85,5.77
634,Warmbad,NA,2021-10-12 10:17:43,-28.45,18.7333,97.61,10,100,17.38
635,Mancio Lima,BR,2021-10-12 10:17:44,-7.6142,-72.8958,72.75,92,54,1.86
636,Zhezkazgan,KZ,2021-10-12 10:17:44,47.8043,67.7144,45.7,27,2,3.04
637,Tubajon,PH,2021-10-12 10:17:44,10.3317,125.5619,81.27,79,100,7.23
638,Sagua La Grande,CU,2021-10-12 10:17:45,22.8067,-80.0756,70.79,89,3,4.54
639,Kupang,ID,2021-10-12 10:17:45,-10.1667,123.5833,81.09,70,63,9.04
640,Maku,IR,2021-10-12 10:17:45,39.2911,44.4521,69.15,24,14,6.2
641,Husavik,IS,2021-10-12 10:17:46,66.0449,-17.3389,26.51,71,54,9.37
642,Vvedenskoye,RU,2021-10-12 10:17:46,55.4753,65.0847,50.0,71,97,8.28
643,Ukiah,US,2021-10-12 10:17:46,39.1502,-123.2078,48.63,74,1,4.61
644,Fuerte Olimpo,PY,2021-10-12 10:17:47,-21.0415,-57.8738,72.68,90,0,2.68
645,Yaan,NG,2021-10-12 10:17:47,7.3833,8.5667,85.55,66,100,5.3
646,Acapetahua,MX,2021-10-12 10:17:47,15.2833,-92.7,78.8,90,87,3.13
647,Ornskoldsvik,SE,2021-10-12 10:17:48,63.2909,18.7153,48.02,71,90,10.36
648,Basco,PH,2021-10-12 10:17:48,20.4487,121.9702,84.33,86,100,29.15
649,Kanniyakumari,IN,2021-10-12 10:17:48,8.0833,77.5667,81.12,76,99,18.45
650,Brae,GB,2021-10-12 10:17:49,60.3964,-1.353,48.11,67,100,8.97
651,Bilma,NE,2021-10-12 10:17:49,18.6853,12.9164,97.32,5,62,10.78
652,Mareeba,AU,2021-10-12 10:17:49,-17.0,145.4333,72.32,85,78,3.76
653,Camana,PE,2021-10-12 10:17:50,-16.6228,-72.7111,62.24,85,100,7.38
654,Champerico,GT,2021-10-12 10:17:50,14.3,-91.9167,79.36,88,9,6.31
655,Palmer,US,2021-10-12 10:17:51,42.1584,-72.3287,55.56,79,90,0.0
656,Toora-Khem,RU,2021-10-12 10:17:51,52.4675,96.11,37.26,93,100,1.92
657,Bumba,CD,2021-10-12 10:17:51,2.1833,22.4667,74.66,88,100,2.77
658,Trat,TH,2021-10-12 10:17:52,12.5,102.5,81.99,98,100,7.2
659,Vila Franca Do Campo,PT,2021-10-12 10:17:03,37.7167,-25.4333,72.01,84,100,5.28
660,Windhoek,NA,2021-10-12 10:15:49,-22.5594,17.0832,88.29,14,0,4.61
661,Banos,EC,2021-10-12 10:16:13,-1.4,-78.4167,56.05,91,90,1.03
662,Gwanda,ZW,2021-10-12 10:17:52,-20.9333,29.0,79.25,14,0,8.68
663,Shakawe,BW,2021-10-12 10:17:53,-18.3667,21.85,90.99,18,0,9.37
664,Loandjili,CG,2021-10-12 10:17:53,-4.7561,11.8578,79.57,79,100,8.3
665,Umm Lajj,SA,2021-10-12 10:17:53,25.0213,37.2685,89.62,51,0,9.48
666,Ginir,ET,2021-10-12 10:17:54,7.1333,40.7,70.57,57,98,6.64
667,Maposeni,TZ,2021-10-12 10:17:54,-10.5833,35.4,75.31,51,99,7.54
668,Vlore,AL,2021-10-12 10:17:54,40.4667,19.4897,64.4,60,31,8.28
